<?xml version="1.0" encoding="UTF-8" standalone="yes"?>
<OfficeApp xmlns="http://schemas.microsoft.com/office/appforoffice/1.1" xmlns:xsi="http://www.w3.org/2001/XMLSchema-instance" xmlns:bt="http://schemas.microsoft.com/office/officeappbasictypes/1.0" xmlns:ov="http://schemas.microsoft.com/office/taskpaneappversionoverrides" xsi:type="TaskPaneApp">
  <Id>7b7b0f1c-0678-4e44-985c-8eab532a3986</Id>
  <Version>1.0.0.0</Version>
  <ProviderName>Contoso</ProviderName>
  <DefaultLocale>en-US</DefaultLocale>
  <DisplayName DefaultValue="Legal Agent"/>
  <Description DefaultValue="A template to get started."/>
  <IconUrl DefaultValue="https://vedanthvk07.github.io/NoviLegal/assets/copilot.png"/>
  <HighResolutionIconUrl DefaultValue="https://vedanthvk07.github.io/NoviLegal/assets/copilot.png"/>
  <SupportUrl DefaultValue="https://www.contoso.com/help"/>
  <AppDomains>
    <AppDomain>https://vedanthvk07.github.io</AppDomain>
  </AppDomains>
  <Hosts>
    <Host Name="Document">
      <DesktopFormFactor>
        <GetStarted>
          <Title resid="GetStarted.Title"/>
          <Description resid="GetStarted.Description"/>
          <LearnMoreUrl resid="GetStarted.LearnMoreUrl"/>
        </GetStarted>
        <FunctionFile resid="Commands.Url"/>
        <ExtensionPoint xsi:type="PrimaryCommandSurface">
          <OfficeTab id="TabHome">
            <Group id="CommandsGroup">
              <Label resid="CommandsGroup.Label"/>
              <Icon>
                <bt:Image size="16" resid="Icon.16x16"/>
                <bt:Image size="32" resid="Icon.32x32"/>
                <bt:Image size="80" resid="Icon.80x80"/>
              </Icon>
              <Control xsi:type="Button" id="TaskpaneButton">
                <Label resid="TaskpaneButton.Label"/>
                <Supertip>
                  <Title resid="TaskpaneButton.Label"/>
                  <Description resid="TaskpaneButton.Tooltip"/>
                </Supertip>
                <Icon>
                  <bt:Image size="16" resid="Icon.16x16"/>
                  <bt:Image size="32" resid="Icon.32x32"/>
                  <bt:Image size="80" resid="Icon.80x80"/>
                </Icon>
                <Action xsi:type="ShowTaskpane">
                  <TaskpaneId>ButtonId1</TaskpaneId>
                  <SourceLocation resid="Taskpane.Url"/>
                </Action>
              </Control>
            </Group>
          </OfficeTab>
        </ExtensionPoint>

        <!-- Automatically open the taskpane on document load -->
        <Action xsi:type="ShowTaskpane">
          <TaskpaneId>ButtonId1</TaskpaneId>
          <SourceLocation resid="Taskpane.Url"/>
        </Action>
      </DesktopFormFactor>
    </Host>
  </Hosts>
  <DefaultSettings>
    <SourceLocation DefaultValue="https://vedanthvk07.github.io/NoviLegal/index.html"/>
  </DefaultSettings>
  <Permissions>ReadWriteDocument</Permissions>
  <VersionOverrides xmlns="http://schemas.microsoft.com/office/taskpaneappversionoverrides" xsi:type="VersionOverridesV1_0">
    <Hosts>
      <Host xsi:type="Document">
        <DesktopFormFactor>
          <GetStarted>
            <Title resid="GetStarted.Title"/>
            <Description resid="GetStarted.Description"/>
            <LearnMoreUrl resid="GetStarted.LearnMoreUrl"/>
          </GetStarted>
          <FunctionFile resid="Commands.Url"/>
          <ExtensionPoint xsi:type="PrimaryCommandSurface">
            <OfficeTab id="TabHome">
              <Group id="CommandsGroup">
                <Label resid="CommandsGroup.Label"/>
                <Icon>
                  <bt:Image size="16" resid="Icon.16x16"/>
                  <bt:Image size="32" resid="Icon.32x32"/>
                  <bt:Image size="80" resid="Icon.80x80"/>
                </Icon>
                <Control xsi:type="Button" id="TaskpaneButton">
                  <Label resid="TaskpaneButton.Label"/>
                  <Supertip>
                    <Title resid="TaskpaneButton.Label"/>
                    <Description resid="TaskpaneButton.Tooltip"/>
                  </Supertip>
                  <Icon>
                    <bt:Image size="16" resid="Icon.16x16"/>
                    <bt:Image size="32" resid="Icon.32x32"/>
                    <bt:Image size="80" resid="Icon.80x80"/>
                  </Icon>
                  <Action xsi:type="ShowTaskpane">
                    <TaskpaneId>ButtonId1</TaskpaneId>
                    <SourceLocation resid="Taskpane.Url"/>
                  </Action>
                </Control>
              </Group>
            </OfficeTab>
          </ExtensionPoint>
        </DesktopFormFactor>
      </Host>
    </Hosts>
    <Resources>
      <bt:Images>
        <bt:Image id="Icon.16x16" DefaultValue="https://vedanthvk07.github.io/NoviLegal/assets/copilot.png"/>
        <bt:Image id="Icon.32x32" DefaultValue="https://vedanthvk07.github.io/NoviLegal/assets/copilot.png"/>
        <bt:Image id="Icon.80x80" DefaultValue="https://vedanthvk07.github.io/NoviLegal/assets/copilot.png"/>
      </bt:Images>
      <bt:Urls>
        <bt:Url id="GetStarted.LearnMoreUrl" DefaultValue="https://go.microsoft.com/fwlink/?LinkId=276812"/>
        <bt:Url id="Commands.Url" DefaultValue="https://vedanthvk07.github.io/NoviLegal/src/commands/commands.html"/>
        <bt:Url id="Taskpane.Url" DefaultValue="https://vedanthvk07.github.io/NoviLegal/index.html"/>
      </bt:Urls>
      <bt:ShortStrings>
        <bt:String id="GetStarted.Title" DefaultValue="Legal Agent has been added to assist you"/>
        <bt:String id="CommandsGroup.Label" DefaultValue="Legal Agent"/>
        <bt:String id="TaskpaneButton.Label" DefaultValue="Open Legal Agent"/>
      </bt:ShortStrings>
      <bt:LongStrings>
        <bt:String id="GetStarted.Description" DefaultValue="Your add-in loaded successfully. Go to the HOME tab and click the 'Show Task Pane' button to get started."/>
        <bt:String id="TaskpaneButton.Tooltip" DefaultValue="Click to Show Legal Agent"/>
      </bt:LongStrings>
    </Resources>
  </VersionOverrides>
</OfficeApp>
